section,key1,key2,amount_krw_total,amount_krw_investment_base,pct_total_assets,pct_investment_base
totals,total_asset_krw,,208943904.0,,1,
totals,investment_base_krw,,193743904.0,193743904.0,,1
totals,excluded_from_investment_base_krw,,15200000.0,0,,0
by_asset_class1,지수,,75970945.0,75970945.0,0.36359493,0.39212044
by_asset_class1,단기채권,,44001617.0,44001617.0,0.21059058,0.22711227
by_asset_class1,개별주식,,26761282.0,26761282.0,0.12807879,0.13812709
by_asset_class1,장기채권,,23563019.0,23563019.0,0.11277199,0.12161941
by_asset_class1,헷지,,17658952.0,17658952.0,0.08451528,0.09114585
by_asset_class1,예금,,15200000.0,0.0,0.0727468,0.0
by_asset_class1,현금,,5788089.0,5788089.0,0.02770164,0.02987495
by_asset_class1_2,지수,S&P500,62117587.0,62117587.0,0.29729313,0.32061699
by_asset_class1_2,단기채권,초단기,44001617.0,44001617.0,0.21059058,0.22711227
by_asset_class1_2,장기채권,장기채,23563019.0,23563019.0,0.11277199,0.12161941
by_asset_class1_2,헷지,금,17658952.0,17658952.0,0.08451528,0.09114585
by_asset_class1_2,예금,장기예금,15200000.0,0.0,0.0727468,0.0
by_asset_class1_2,지수,S&P500동일가중,13853358.0,13853358.0,0.06630181,0.07150345
by_asset_class1_2,개별주식,반도체,12265310.0,12265310.0,0.05870145,0.06330682
by_asset_class1_2,개별주식,IT,6000282.0,6000282.0,0.02871719,0.03097017
by_asset_class1_2,개별주식,반도체설계,5279960.0,5279960.0,0.02526975,0.02725226
by_asset_class1_2,현금,원화,5219275.0,5219275.0,0.02497931,0.02693904
by_asset_class1_2,개별주식,헬스케어,3215730.0,3215730.0,0.0153904,0.01659784
by_asset_class1_2,현금,달러,432426.0,432426.0,0.00206958,0.00223195
by_asset_class1_2,현금,엔화,136388.0,136388.0,0.00065275,0.00070396
by_investment_currency,달러,,104878921.0,104878921.0,0.50194774,0.54132759
by_investment_currency,원화,,97297298.0,82097298.0,0.4656623,0.42374132
by_investment_currency,엔화,,6767685.0,6767685.0,0.03238996,0.03493109
by_listing_currency,KRW,,124233773.0,109033773.0,0.59457955,0.56277266
by_listing_currency,USD,,75867791.0,75867791.0,0.36310124,0.39158802
by_listing_currency,JPY,,8842340.0,8842340.0,0.04231921,0.04563932
by_hedge_flag,미분류,,169586584.0,154386584.0,0.81163691,0.79685905
by_hedge_flag,O,,39357320.0,39357320.0,0.18836309,0.20314095
by_owner,동연,,158580255.0,157080255.0,0.75896091,0.81076231
by_owner,완서,,50363649.0,36663649.0,0.24103909,0.18923769
